{
  "accuracy": 0.9519283494790715,
  "macro_f1": 0.9509263240114418,
  "per_class": {
    "sunny": {
      "precision": 0.956815984531099,
      "recall": 0.957741935483871,
      "f1": 0.9572787360954378,
      "support": 6200
    },
    "cloudy": {
      "precision": 0.9437874366456765,
      "recall": 0.9534522885958107,
      "f1": 0.9485952454461254,
      "support": 6445
    },
    "rainy": {
      "precision": 0.9506702412868633,
      "recall": 0.9297325642370216,
      "f1": 0.940084835630965,
      "support": 1907
    },
    "snowy": {
      "precision": 0.965592572364828,
      "recall": 0.9500268672756582,
      "f1": 0.9577464788732394,
      "support": 1861
    }
  },
  "weight_a": 0.51,
  "weight_b": 0.49,
  "name_a": "convnext_tiny",
  "name_b": "efficientnet_b3",
  "images": 16413,
  "search_step": 0.01
}