model,accuracy,macro_f1,sunny_f1,cloudy_f1,rainy_f1,snowy_f1
convnext_tiny,0.9451044903430208,0.9425417991638514,0.9521122218639149,0.9427401282744765,0.9287417218543046,0.9465731246627093
efficientnet_b3,0.9406567964418449,0.9401437149791226,0.946520618556701,0.9360523278183918,0.9297730307076101,0.9482288828337875
